grade,marks
A,88.01818181818183
B,82.66666666666667
C,71.0
D,60.0
